<?xml version="1.0" encoding="UTF-8" ?>
<CycloneDDS xmlns="https://cdds.io/config" xmlns:xsi="http://www.w3.org/2001/XMLSchema-instance" xsi:schemaLocation="https://cdds.io/config https://raw.githubusercontent.com/eclipse-cyclonedds/cyclonedds/master/etc/cyclonedds.xsd">
    <Domain Id="any">
        <General>
            <Interfaces>
                <NetworkInterface name="eth0" priority="default" multicast="default" />
            </Interfaces>
        <AllowMulticast>spdp</AllowMulticast>
        </General>
        
        <Internal>
        	<!--MinimumSocketReceiveBufferSize>50MB</MinimumSocketReceiveBufferSize-->
        </Internal>
    </Domain>
</CycloneDDS>
